Wall time,Step,Value
1551627466.128083,1,425.93304443359375
1551627469.4920828,2,552.5302124023438
1551627472.950083,3,589.379638671875
1551627476.272083,4,648.5909423828125
1551627500.484083,5,561.9415893554688
1551627523.331083,6,147.01828002929688
1551627535.411083,7,649.5476684570312
1551627556.451083,8,-24.49945831298828
1551627558.827083,9,-27.853618621826172
1551627562.970083,10,233.32437133789062
1551627574.4730828,11,94.7320556640625
1551627583.8260832,12,632.7218017578125
1551627607.840083,13,503.4879150390625
1551627626.903083,14,32.500694274902344
1551627632.277083,15,40.001258850097656
1551627636.5300832,16,-48.55289840698242
1551627639.251083,17,177.6468505859375
1551627649.105083,18,739.0006713867188
1551627673.432083,19,663.939453125
1551627697.4000828,20,809.9303588867188
1551627721.8810828,21,717.7373657226562
1551627743.0840828,22,45.12428665161133
1551627748.5770829,23,60.2861328125
1551627753.9220831,24,-36.278934478759766
1551627759.0250828,25,878.5864868164062
1551627782.315083,26,529.5823364257812
1551627802.614083,27,869.2155151367188
1551627826.983083,28,851.8366088867188
1551627851.892083,29,889.6485595703125
1551627875.855083,30,615.6226806640625
1551627894.986083,31,925.9478759765625
1551627919.7120829,32,945.7394409179688
1551627944.450083,33,962.9992065429688
1551627969.388083,34,954.5322875976562
1551627991.776083,35,-9.226863861083984
1551627997.264083,36,993.623291015625
1551628021.9890828,37,997.5545654296875
1551628047.200083,38,938.6668090820312
1551628071.432083,39,1030.8072509765625
1551628095.704083,40,1072.1568603515625
1551628117.336083,41,-26.851194381713867
1551628122.175083,42,1037.7677001953125
1551628147.300083,43,1065.8868408203125
1551628172.667083,44,1079.983154296875
1551628196.840083,45,1099.3365478515625
1551628221.1930828,46,1079.6759033203125
1551628246.369083,47,1157.5169677734375
1551628272.463083,48,1142.6217041015625
1551628298.338083,49,1117.936767578125
1551628323.513083,50,1154.2933349609375
1551628349.243083,51,1178.16845703125
1551628374.803083,52,1183.043212890625
1551628400.562083,53,1183.378662109375
1551628426.026083,54,1185.0032958984375
1551628451.463083,55,1188.9044189453125
1551628476.851083,56,1204.3155517578125
1551628501.728083,57,1253.570556640625
1551628526.954083,58,1223.8739013671875
1551628551.9490829,59,1247.0389404296875
1551628576.490083,60,1257.820068359375
1551628601.407083,61,1262.07080078125
1551628625.869083,62,1264.647216796875
1551628650.683083,63,1269.779296875
1551628675.666083,64,1261.8720703125
1551628700.388083,65,1297.0616455078125
1551628725.0080829,66,1288.6278076171875
1551628749.915083,67,1292.287109375
1551628775.150083,68,1302.640625
1551628800.228083,69,1295.0843505859375
1551628825.8440828,70,1310.2044677734375
1551628851.278083,71,1308.1212158203125
1551628877.0670831,72,1312.6549072265625
1551628902.7700832,73,1299.86962890625
1551628928.4580832,74,1304.79541015625
1551628954.542083,75,1318.935791015625
1551628980.4020832,76,1330.271240234375
1551629006.339083,77,1329.529541015625
1551629029.4000828,78,61.9162483215332
1551629035.500083,79,1320.4940185546875
1551629061.073083,80,1328.81396484375
1551629086.603083,81,1339.8895263671875
1551629111.9780831,82,1332.864013671875
1551629137.4490829,83,1322.1287841796875
1551629163.059083,84,1335.98193359375
1551629189.517083,85,1342.0643310546875
1551629212.755083,86,49.007598876953125
1551629218.668083,87,1329.0587158203125
1551629244.934083,88,1331.77197265625
1551629271.192083,89,1344.72119140625
1551629297.115083,90,1343.2984619140625
1551629322.755083,91,1347.6492919921875
1551629349.9520829,92,1345.194091796875
1551629376.414083,93,1339.45849609375
1551629402.127083,94,1337.8853759765625
1551629428.8240829,95,1349.796142578125
1551629455.5850828,96,1353.274658203125
1551629481.551083,97,1355.9884033203125
1551629507.294083,98,1347.7862548828125
1551629533.271083,99,1359.3414306640625
1551629559.318083,100,1353.2947998046875
1551629585.322083,101,1352.93310546875
1551629611.306083,102,1357.0743408203125
1551629637.710083,103,1362.634765625
1551629664.6960828,104,1362.07373046875
1551629691.594083,105,1357.9034423828125
1551629718.792083,106,1356.58837890625
1551629745.659083,107,1359.9923095703125
1551629773.131083,108,1355.7037353515625
1551629800.108083,109,1349.75048828125
1551629827.4690828,110,1363.266357421875
1551629854.764083,111,1360.2264404296875
1551629882.3010828,112,1364.359130859375
1551629909.875083,113,1349.1199951171875
1551629937.3040829,114,1366.785888671875
1551629964.752083,115,1353.5899658203125
1551629991.9930828,116,1367.332275390625
1551630019.313083,117,1351.72509765625
1551630046.496083,118,1363.7271728515625
1551630073.852083,119,1361.6729736328125
1551630101.093083,120,1363.7481689453125
1551630128.113083,121,1369.9461669921875
1551630155.3250828,122,1361.2430419921875
1551630182.072083,123,1358.650390625
1551630209.726083,124,1370.0655517578125
1551630237.2150831,125,1342.6143798828125
1551630264.910083,126,1366.601806640625
1551630289.403083,127,76.7578353881836
1551630295.868083,128,1370.7012939453125
1551630323.2650828,129,1345.7769775390625
1551630350.6420832,130,1354.24658203125
1551630378.231083,131,1358.1597900390625
1551630405.759083,132,1370.3399658203125
1551630433.132083,133,1365.699462890625
1551630460.595083,134,1366.51611328125
1551630488.127083,135,1366.505615234375
1551630515.981083,136,1370.228759765625
1551630540.839083,137,31.8984317779541
1551630546.5970829,138,1352.7335205078125
1551630574.426083,139,1370.2919921875
1551630601.963083,140,1362.4022216796875
1551630629.671083,141,1364.8790283203125
1551630657.4170828,142,1372.3150634765625
1551630684.975083,143,1370.5660400390625
1551630713.164083,144,1346.1024169921875
1551630741.421083,145,1371.0205078125
1551630769.412083,146,1355.1392822265625
1551630797.450083,147,1362.4969482421875
1551630825.404083,148,1351.263916015625
1551630853.223083,149,1363.244873046875
1551630880.9920828,150,1362.665771484375
1551630908.717083,151,1367.438232421875
1551630936.876083,152,1367.2276611328125
1551630964.778083,153,1360.951171875
1551630992.560083,154,1365.79052734375
1551631020.912083,155,1369.0152587890625
1551631049.343083,156,1370.6990966796875
1551631077.507083,157,1362.5980224609375
1551631106.547083,158,1371.9359130859375
1551631135.378083,159,1372.147705078125
1551631163.456083,160,1353.845947265625
1551631192.006083,161,1351.524658203125
1551631220.6000829,162,1370.2239990234375
1551631249.894083,163,1367.4471435546875
1551631279.130083,164,1330.0819091796875
1551631308.093083,165,1352.2054443359375
1551631336.954083,166,1367.67236328125
1551631365.484083,167,1367.2838134765625
1551631393.862083,168,1366.1934814453125
1551631422.706083,169,1371.556884765625
1551631451.543083,170,1351.27099609375
1551631480.2880828,171,1350.2164306640625
1551631509.247083,172,1339.83447265625
1551631538.179083,173,1331.1905517578125
1551631567.793083,174,1371.6717529296875
1551631596.960083,175,1361.5660400390625
1551631626.010083,176,1360.7904052734375
1551631652.483083,177,72.29700469970703
1551631659.235083,178,1363.4273681640625
1551631688.4780831,179,1361.6578369140625
1551631717.736083,180,1367.9539794921875
1551631747.019083,181,1361.473388671875
1551631773.390083,182,25.728662490844727
1551631779.211083,183,1349.4287109375
1551631808.520083,184,1340.5286865234375
1551631837.832083,185,1355.3372802734375
1551631867.1060832,186,1363.2001953125
1551631896.706083,187,1353.9248046875
1551631925.7480829,188,1343.3094482421875
1551631955.2330828,189,1350.1259765625
1551631984.741083,190,1327.853271484375
1551632014.053083,191,1348.8406982421875
1551632043.707083,192,1343.3409423828125
1551632073.2900832,193,1363.965576171875
1551632103.131083,194,1349.4345703125
1551632133.2130828,195,1321.8048095703125
1551632162.926083,196,1366.15283203125
1551632192.308083,197,1338.8897705078125
1551632222.405083,198,1372.3753662109375
1551632252.5970829,199,1365.4493408203125
1551632283.226083,200,1364.2745361328125
1551632313.3630831,201,1355.404541015625
1551632343.192083,202,1360.9713134765625
1551632372.427083,203,1372.3848876953125
1551632402.7680829,204,1372.46826171875
1551632433.3100002,205,1368.8394775390625
1551632464.1590002,206,1366.670166015625
1551632494.721,207,1372.0926513671875
1551632525.368,208,1342.5994873046875
1551632556.274,209,1344.5712890625
1551632586.4659998,210,1369.4124755859375
1551632616.6590002,211,1363.73779296875
1551632646.9299998,212,1368.1629638671875
1551632676.98,213,1372.605224609375
1551632707.579,214,1350.231689453125
1551632738.4750001,215,1360.63623046875
1551632769.5870001,216,1354.62109375
1551632800.4950001,217,1371.39111328125
1551632831.468,218,1370.1951904296875
1551632862.507,219,1360.950439453125
1551632893.425,220,1356.69775390625
1551632924.348,221,1362.75341796875
1551632955.334,222,1340.9276123046875
1551632985.9,223,1338.9375
1551633016.4390001,224,1341.9105224609375
1551633047.089,225,1371.2554931640625
1551633077.7619998,226,1368.1595458984375
1551633108.7900002,227,1325.1429443359375
1551633139.5830002,228,1366.0614013671875
1551633170.554,229,1358.9830322265625
1551633201.551,230,1372.458740234375
1551633232.479,231,1322.8642578125
1551633263.5100002,232,1347.0806884765625
1551633294.638,233,1367.4471435546875
1551633325.742,234,1367.852783203125
1551633356.723,235,1368.16552734375
1551633387.9859998,236,1346.246826171875
1551633419.677,237,1369.3497314453125
1551633451.339,238,1356.9727783203125
1551633482.304,239,1369.355712890625
1551633513.393,240,1364.716552734375
1551633545.42,241,1367.9346923828125
1551633577.4169998,242,1359.6943359375
1551633609.1539998,243,1358.6165771484375
1551633641.221,244,1347.7886962890625
1551633673.4380002,245,1357.58154296875
1551633705.16,246,1368.069091796875
1551633736.8300002,247,1368.123779296875
1551633768.676,248,1366.26953125
1551633800.403,249,1346.3726806640625
1551633832.356,250,1358.9560546875
1551633864.564,251,1372.323974609375
1551633896.3470001,252,1362.423583984375
1551633927.764,253,1367.9462890625
1551633959.498,254,1370.10546875
1551633991.4940002,255,1365.4110107421875
1551634023.268,256,1365.3140869140625
1551634055.1020002,257,1372.4136962890625
1551634086.91,258,1362.89892578125
1551634118.895,259,1360.4315185546875
1551634150.788,260,1371.8905029296875
1551634182.983,261,1365.2523193359375
1551634215.1369998,262,1371.627685546875
1551634247.3409998,263,1325.556396484375
1551634279.7059999,264,1365.0213623046875
1551634312.404,265,1371.80322265625
1551634344.853,266,1365.3729248046875
1551634377.04,267,1353.0477294921875
1551634409.304,268,1363.706298828125
1551634441.608,269,1355.2119140625
1551634474.48,270,1357.548828125
1551634507.621,271,1372.22802734375
1551634540.1379998,272,1360.9549560546875
1551634572.828,273,1353.6004638671875
1551634605.437,274,1339.831787109375
1551634638.111,275,1347.8260498046875
1551634671.052,276,1368.5225830078125
1551634703.759,277,1339.800537109375
1551634737.1260002,278,1364.1458740234375
1551634769.7129998,279,1349.381103515625
1551634802.691,280,1329.0887451171875
1551634835.1729999,281,1361.6204833984375
1551634868.0049999,282,1368.8897705078125
1551634900.8969998,283,1363.055908203125
1551634933.732,284,1359.2344970703125
1551634967.247,285,1371.7960205078125
1551635000.348,286,1348.256103515625
1551635033.268,287,1363.716796875
1551635066.333,288,1365.6844482421875
1551635099.58,289,1361.7738037109375
1551635132.934,290,1362.38330078125
1551635166.461,291,1372.5272216796875
1551635199.48,292,1354.7313232421875
1551635232.456,293,1370.054931640625
1551635265.882,294,1363.7984619140625
1551635299.1859999,295,1365.1611328125
1551635332.4060001,296,1370.519287109375
1551635365.837,297,1368.6749267578125
1551635399.132,298,1346.27734375
1551635432.5830002,299,1362.975830078125
1551635466.379,300,1362.0311279296875
1551635500.1390002,301,1240.2230224609375
1551635533.904,302,1337.6182861328125
1551635568.381,303,1364.0245361328125
1551635602.1020002,304,1367.2982177734375
1551635636.485,305,1335.92529296875
1551635670.557,306,1368.370361328125
1551635704.239,307,1363.6368408203125
1551635738.7059999,308,1370.950927734375
1551635772.6339998,309,1346.274658203125
1551635806.53,310,1370.65576171875
1551635840.684,311,1367.7109375
1551635874.867,312,1366.3399658203125
1551635908.6169999,313,1367.5787353515625
1551635942.66,314,1368.03955078125
1551635976.7289999,315,1356.5374755859375
1551636010.633,316,1372.5628662109375
1551636044.6220002,317,1364.8721923828125
1551636079.0609999,318,1348.5863037109375
1551636113.595,319,1364.875732421875
1551636148.575,320,1367.9176025390625
1551636182.893,321,1343.8646240234375
1551636216.8899999,322,1368.4677734375
1551636251.479,323,1352.1627197265625
1551636285.732,324,1372.5732421875
1551636320.1299999,325,1342.3646240234375
1551636354.648,326,1369.847412109375
1551636389.284,327,1371.8548583984375
1551636423.632,328,1345.5286865234375
1551636457.8049998,329,1340.389404296875
1551636489.924,330,86.55216217041016
1551636497.6390002,331,1334.23681640625
1551636532.2129998,332,1354.8267822265625
1551636567.112,333,1343.3973388671875
1551636601.589,334,1334.972900390625
1551636636.692,335,1351.758544921875
1551636671.314,336,1349.9903564453125
1551636703.345,337,48.222267150878906
1551636710.1009998,338,1368.7396240234375
1551636745.1,339,1369.181884765625
1551636779.855,340,1370.0726318359375
1551636814.835,341,1367.60400390625
1551636849.9169998,342,1362.291748046875
1551636884.726,343,1349.25439453125
1551636919.7580001,344,1361.5843505859375
1551636954.572,345,1348.2335205078125
1551636989.854,346,1333.3609619140625
1551637025.302,347,1336.7286376953125
1551637060.533,348,1360.4122314453125
1551637095.7129998,349,1333.338623046875
1551637130.761,350,1369.00146484375
1551637166.178,351,1353.53466796875
1551637201.297,352,1339.0118408203125
1551637236.964,353,1351.2176513671875
1551637272.477,354,1359.2637939453125
1551637304.9,355,37.39676284790039
1551637311.535,356,1366.5257568359375
1551637346.824,357,1317.17822265625
1551637382.849,358,1364.3438720703125
1551637418.851,359,1366.97705078125
1551637454.3049998,360,1358.906494140625
1551637490.151,361,1320.5655517578125
1551637526.409,362,1358.36474609375
1551637563.127,363,1367.347900390625
1551637599.348,364,1340.5560302734375
1551637634.944,365,1333.6063232421875
1551637670.892,366,1331.54296875
1551637706.869,367,1343.871337890625
1551637743.0540001,368,1362.363525390625
1551637779.08,369,1339.8828125
1551637814.8209999,370,1354.5423583984375
1551637850.973,371,1360.5516357421875
1551637887.2649999,372,1340.3843994140625
1551637923.146,373,1359.379150390625
1551637958.8990002,374,1336.845703125
1551637995.264,375,1369.5
1551638031.589,376,1349.19873046875
1551638067.311,377,1369.775390625
1551638103.297,378,1357.7957763671875
1551638139.726,379,1367.0831298828125
1551638176.2510002,380,1347.635009765625
1551638212.687,381,1333.9388427734375
1551638249.161,382,1366.2332763671875
1551638285.608,383,1372.5804443359375
1551638322.136,384,1334.0584716796875
1551638358.684,385,1368.3026123046875
1551638396.038,386,1347.885009765625
1551638433.007,387,1352.8927001953125
1551638466.5900002,388,44.000484466552734
1551638473.632,389,1353.616943359375
1551638510.2819998,390,1351.4892578125
1551638547.684,391,1370.7215576171875
1551638584.808,392,1371.4874267578125
1551638622.22,393,1365.339111328125
1551638658.9740002,394,1369.4539794921875
1551638696.481,395,1337.654541015625
1551638733.936,396,1371.54833984375
1551638770.891,397,1341.90087890625
1551638807.8470001,398,1340.290283203125
1551638844.916,399,1362.2332763671875
1551638881.968,400,1358.095458984375
1551638919.256,401,1336.6978759765625
1551638956.461,402,1352.7025146484375
1551638993.367,403,1370.653564453125
1551639030.33,404,1370.5074462890625
1551639067.996,405,1355.6309814453125
1551639105.384,406,1371.0404052734375
1551639142.598,407,1333.9525146484375
1551639179.461,408,1335.68115234375
1551639217.19,409,1344.0467529296875
1551639254.764,410,1345.965576171875
1551639291.7619998,411,1358.844482421875
1551639328.3939998,412,1367.940673828125
1551639366.073,413,1338.6729736328125
1551639403.375,414,1338.0692138671875
1551639440.848,415,1337.4432373046875
1551639478.572,416,1337.726806640625
1551639516.021,417,1351.8759765625
1551639553.931,418,1356.342041015625
1551639591.817,419,1337.3626708984375
1551639629.3470001,420,1345.220458984375
1551639667.171,421,1358.5657958984375
1551639705.203,422,1362.031982421875
1551639743.037,423,1352.598876953125
1551639780.9740002,424,1363.8365478515625
1551639818.98,425,1331.8931884765625
1551639857.088,426,1324.6092529296875
1551639895.8270001,427,1328.23681640625
1551639933.893,428,1360.3848876953125
1551639972.395,429,1362.2825927734375
1551640010.795,430,1363.958740234375
1551640049.043,431,1352.128662109375
1551640088.1009998,432,1348.198974609375
1551640126.7150002,433,1355.7578125
1551640165.044,434,1345.0782470703125
1551640203.681,435,1355.6043701171875
1551640242.043,436,1362.156494140625
1551640280.6729999,437,1365.0174560546875
1551640318.982,438,1368.0169677734375
1551640357.7020001,439,1366.099609375
1551640396.4169998,440,1358.3314208984375
1551640435.078,441,1372.253662109375
1551640473.8460002,442,1367.59033203125
1551640512.3100002,443,1370.7078857421875
1551640551.3769999,444,1361.6573486328125
1551640590.416,445,1362.567626953125
1551640629.6019998,446,1356.9996337890625
1551640668.723,447,1348.2509765625
1551640707.385,448,1359.2335205078125
1551640745.794,449,1358.2918701171875
1551640784.748,450,1352.660400390625
1551640824.647,451,1354.73876953125
1551640863.763,452,1348.4150390625
1551640902.4620001,453,1368.8856201171875
1551640941.487,454,1372.397705078125
1551640980.52,455,1370.083740234375
1551641019.616,456,1364.30029296875
1551641058.9390001,457,1363.94189453125
1551641098.464,458,1360.75439453125
1551641137.8470001,459,1372.6273193359375
1551641177.34,460,1371.3387451171875
1551641216.979,461,1347.8394775390625
1551641256.421,462,1354.6688232421875
1551641296.299,463,1366.4293212890625
1551641336.202,464,1364.5924072265625
1551641376.492,465,1362.2164306640625
1551641416.537,466,1345.0040283203125
1551641456.916,467,1369.164306640625
1551641497.336,468,1362.7032470703125
1551641537.06,469,1351.1458740234375
1551641576.5219998,470,1346.8873291015625
1551641616.481,471,1349.1922607421875
1551641655.783,472,1369.337158203125
1551641695.54,473,1355.006591796875
1551641736.872,474,1355.84716796875
1551641777.536,475,1372.010009765625
1551641818.416,476,1362.0682373046875
1551641858.246,477,1356.4415283203125
1551641898.626,478,1365.455810546875
1551641938.5,479,1319.349365234375
1551641979.1950002,480,1359.44921875
1551642019.7289999,481,1369.3428955078125
1551642059.943,482,1340.3204345703125
1551642100.471,483,1369.9967041015625
1551642140.896,484,1326.9166259765625
1551642180.9740002,485,1338.2275390625
1551642221.3539999,486,1360.5079345703125
1551642261.872,487,1363.5867919921875
1551642302.3420002,488,1367.3946533203125
1551642342.817,489,1341.095458984375
1551642383.303,490,1342.1651611328125
1551642424.156,491,1361.3271484375
1551642464.94,492,1319.669189453125
1551642505.352,493,1336.994384765625
1551642546.116,494,1352.6458740234375
1551642586.568,495,1362.3497314453125
1551642624.74,496,74.58482360839844
1551642632.779,497,1358.6556396484375
1551642673.781,498,1370.763916015625
1551642714.568,499,1338.2373046875
1551642755.638,500,1362.01513671875
1551642796.3830001,501,1355.3702392578125
1551642836.997,502,1304.075927734375
1551642877.9910002,503,1371.0892333984375
1551642918.407,504,1370.0615234375
1551642959.461,505,1357.210205078125
1551643000.201,506,1338.7310791015625
1551643041.529,507,1356.468017578125
1551643082.239,508,1353.617919921875
1551643123.9,509,1336.7918701171875
1551643164.9350002,510,1356.175048828125
1551643206.624,511,1372.3692626953125
1551643247.9580002,512,1349.3184814453125
1551643289.982,513,1325.869140625
1551643332.1260002,514,1306.6160888671875
1551643373.812,515,1322.7979736328125
1551643415.544,516,1348.5108642578125
1551643457.057,517,1360.801025390625
1551643498.671,518,1330.7691650390625
1551643539.839,519,1351.6409912109375
1551643581.2259998,520,1341.875732421875
1551643622.999,521,1370.3623046875
1551643664.8270001,522,1360.368408203125
1551643706.828,523,1370.562255859375
1551643748.628,524,1367.5777587890625
1551643789.379,525,1351.047607421875
1551643830.719,526,1356.876953125
1551643871.98,527,1353.418212890625
1551643913.6729999,528,1367.03662109375
1551643956.3059998,529,1363.1256103515625
1551643998.8620002,530,1363.87255859375
1551644041.23,531,1355.21826171875
1551644083.649,532,1371.260498046875
1551644125.444,533,1351.4345703125
1551644167.819,534,1362.9837646484375
1551644210.3779998,535,1347.865966796875
1551644253.3660002,536,1344.8760986328125
1551644295.9020002,537,1335.0970458984375
1551644338.663,538,1359.5523681640625
1551644380.72,539,1326.4195556640625
1551644423.269,540,1352.0328369140625
1551644465.748,541,1368.2265625
1551644508.5459998,542,1366.6473388671875
1551644551.034,543,1342.404052734375
1551644593.9750001,544,1358.2042236328125
1551644636.598,545,1321.3314208984375
1551644675.951,546,73.59672546386719
1551644684.4,547,1325.5460205078125
1551644727.234,548,1340.2811279296875
1551644770.392,549,1349.6358642578125
1551644813.46,550,1364.085205078125
1551644857.035,551,1347.67138671875
1551644899.9420002,552,1350.2138671875
1551644943.783,553,1353.7845458984375
1551644987.331,554,1363.3685302734375
1551645030.5340002,555,1352.550048828125
1551645100.979,556,1369.9739990234375
1551645143.881,557,1353.690185546875
1551645187.0259998,558,1326.6966552734375
1551645229.4689999,559,1366.235595703125
1551645271.8019998,560,1351.489501953125
1551645315.004,561,1352.59521484375
1551645358.033,562,1366.4378662109375
1551645401.33,563,1352.615234375
1551645443.937,564,1368.244384765625
1551645487.641,565,1356.546875
1551645530.973,566,1371.07763671875
1551645574.656,567,1372.1783447265625
1551645618.263,568,1354.857666015625
1551645661.9750001,569,1361.2330322265625
1551645704.922,570,1371.6099853515625
1551645748.701,571,1372.2412109375
1551645791.721,572,1372.756591796875
1551645834.7900002,573,1372.1632080078125
1551645877.8899999,574,1364.9869384765625
1551645921.463,575,1352.7933349609375
1551645965.038,576,1372.21875
1551646008.314,577,1369.4659423828125
1551646051.4689999,578,1370.0283203125
1551646095.281,579,1369.8541259765625
1551646138.9190001,580,1331.5277099609375
1551646182.187,581,1364.74169921875
1551646226.2,582,1365.260498046875
1551646270.2220001,583,1360.1373291015625
1551646314.48,584,1369.73876953125
1551646359.035,585,1361.1517333984375
1551646403.08,586,1302.4879150390625
1551646447.3990002,587,1362.267822265625
1551646491.404,588,1359.2979736328125
1551646535.5500002,589,1372.1806640625
1551646579.402,590,1354.3182373046875
1551646622.9550002,591,1258.697998046875
1551646666.402,592,1371.612060546875
1551646710.4060001,593,1369.3570556640625
1551646754.464,594,1362.7208251953125
1551646799.0819998,595,1372.144775390625
1551646843.4529998,596,1368.8798828125
1551646887.481,597,1340.8236083984375
1551646932.425,598,1368.3751220703125
1551646977.584,599,1371.7550048828125
1551647022.716,600,1368.8111572265625
1551647067.189,601,1322.197021484375
1551647111.5219998,602,1320.0865478515625
1551647155.725,603,1300.197265625
1551647200.034,604,1236.804443359375
1551647244.4529998,605,1324.34375
1551647289.217,606,1352.64794921875
1551647333.803,607,1370.9190673828125
1551647378.237,608,1354.8973388671875
1551647422.962,609,1339.388916015625
1551647467.8609998,610,1354.25390625
1551647512.514,611,1363.3006591796875
1551647557.496,612,1355.497314453125
1551647602.6729999,613,1372.763916015625
1551647647.672,614,1372.1842041015625
1551647692.74,615,1364.9637451171875
1551647738.133,616,1371.6956787109375
1551647782.835,617,1338.223876953125
1551647828.284,618,1364.548095703125
1551647873.868,619,1371.39306640625
1551647918.53,620,1370.4429931640625
1551647963.293,621,1363.270751953125
1551648008.626,622,1349.5108642578125
1551648053.185,623,1369.54638671875
1551648098.677,624,1333.102783203125
1551648144.0809999,625,1359.9112548828125
1551648189.474,626,1371.6536865234375
1551648234.627,627,1334.25341796875
1551648280.059,628,1337.6768798828125
1551648325.386,629,1336.71240234375
1551648370.9859998,630,1312.7236328125
1551648415.992,631,1326.559326171875
1551648461.006,632,1315.904052734375
1551648506.313,633,1309.5614013671875
1551648551.112,634,1359.6226806640625
1551648596.88,635,1338.6326904296875
1551648642.264,636,1248.7757568359375
1551648687.85,637,1192.806884765625
1551648733.6739998,638,1230.9451904296875
1551648779.364,639,1367.700927734375
1551648825.116,640,1272.70751953125
1551648871.099,641,1370.592041015625
1551648917.133,642,1305.7972412109375
1551648962.403,643,1366.0364990234375
1551649007.936,644,1362.9083251953125
1551649053.6179998,645,1343.254150390625
1551649099.714,646,1342.5921630859375
1551649145.174,647,1323.291259765625
1551649191.362,648,1355.3408203125
1551649237.62,649,1367.7509765625
1551649282.934,650,1322.1134033203125
1551649328.569,651,1367.91796875
1551649373.743,652,1278.6328125
1551649419.7289999,653,1346.17041015625
1551649466.508,654,1367.743408203125
1551649513.052,655,1316.3685302734375
1551649559.8830001,656,1298.9456787109375
1551649605.443,657,1307.591552734375
1551649652.591,658,1251.969482421875
1551649699.731,659,1246.3087158203125
1551649746.029,660,1303.736572265625
1551649792.261,661,1339.6593017578125
1551649838.724,662,1270.5203857421875
1551649885.2140002,663,1322.2559814453125
1551649931.7740002,664,1272.93798828125
1551649978.231,665,1323.57373046875
1551650024.609,666,1327.2237548828125
1551650071.763,667,1371.544921875
1551650119.2510002,668,1342.2593994140625
1551650166.4190001,669,1321.222900390625
1551650213.188,670,1354.390625
1551650259.513,671,1361.536376953125
1551650305.369,672,1356.5322265625
1551650351.947,673,1371.607666015625
1551650399.105,674,1297.13232421875
1551650445.541,675,1320.5858154296875
1551650492.951,676,1371.28125
1551650539.8979998,677,1367.4141845703125
1551650587.275,678,1362.7398681640625
1551650634.4329998,679,1356.851318359375
1551650681.8019998,680,1353.8189697265625
1551650729.0649998,681,1363.6845703125
1551650776.502,682,1370.30908203125
1551650823.95,683,1366.110107421875
1551650871.3500001,684,1368.629638671875
1551650918.296,685,1359.9248046875
1551650965.263,686,1366.1417236328125
1551651013.0860002,687,1360.0550537109375
1551651060.224,688,1363.4072265625
1551651107.962,689,1369.12158203125
1551651155.661,690,1371.989990234375
1551651203.299,691,1372.361083984375
1551651251.283,692,1339.49462890625
1551651298.9950001,693,1363.8135986328125
1551651346.8979998,694,1331.1878662109375
1551651394.811,695,1364.629150390625
1551651442.29,696,1367.1873779296875
1551651489.971,697,1351.5960693359375
1551651538.024,698,1366.37255859375
1551651586.14,699,1350.7998046875
1551651634.244,700,1330.0286865234375
1551651682.348,701,1326.2955322265625
1551651730.496,702,1347.78271484375
1551651778.4550002,703,1336.4407958984375
1551651826.747,704,1371.3677978515625
1551651875.077,705,1348.1248779296875
1551651922.712,706,1344.300537109375
1551651971.1660001,707,1364.36279296875
1551652019.1,708,1362.3760986328125
1551652067.288,709,1365.7962646484375
1551652115.358,710,1352.7252197265625
1551652163.3270001,711,1317.56103515625
1551652211.804,712,1322.6798095703125
1551652260.2419999,713,1370.701171875
1551652308.8209999,714,1346.0648193359375
1551652357.64,715,1344.1783447265625
1551652405.688,716,1364.912841796875
1551652454.472,717,1328.38330078125
1551652503.28,718,1368.7493896484375
1551652551.768,719,1359.6358642578125
1551652600.9329998,720,1351.23388671875
1551652649.997,721,1317.3204345703125
1551652698.881,722,1356.270751953125
1551652747.436,723,1371.693603515625
1551652796.259,724,1308.0550537109375
1551652845.4060001,725,1332.48583984375
1551652894.37,726,1357.9384765625
1551652944.156,727,1309.3138427734375
1551652993.0830002,728,1320.5924072265625
1551653041.9350002,729,1363.812255859375
1551653091.379,730,1366.5931396484375
1551653140.204,731,1357.2952880859375
1551653189.334,732,1372.2413330078125
1551653238.733,733,1348.476806640625
1551653288.4689999,734,1352.46533203125
1551653337.811,735,1338.7220458984375
1551653386.8049998,736,1330.123291015625
1551653436.105,737,1368.657958984375
1551653485.5340002,738,1367.0811767578125
1551653535.2710001,739,1339.8492431640625
1551653584.5900002,740,1371.0970458984375
1551653634.349,741,1372.2344970703125
1551653684.201,742,1369.593994140625
1551653733.233,743,1332.9151611328125
1551653782.5249999,744,1362.323486328125
1551653832.365,745,1372.4952392578125
1551653882.3569999,746,1372.556640625
1551653932.4620001,747,1357.0802001953125
1551653982.499,748,1371.099853515625
1551654032.331,749,1368.427001953125
1551654081.77,750,1372.503662109375
1551654131.781,751,1371.6790771484375
1551654182.67,752,1364.41796875
1551654232.8700001,753,1368.468505859375
1551654283.2710001,754,1367.371337890625
1551654333.537,755,1372.4908447265625
1551654383.5340002,756,1371.293212890625
1551654433.884,757,1352.93505859375
1551654484.125,758,1337.7119140625
1551654533.9390001,759,1350.20361328125
1551654584.5249999,760,1350.2947998046875
1551654634.414,761,1295.038818359375
1551654684.257,762,1360.272216796875
1551654734.6179998,763,1364.6812744140625
1551654785.2819998,764,1369.6802978515625
1551654835.973,765,1358.93408203125
1551654887.06,766,1372.5264892578125
1551654937.894,767,1372.5030517578125
1551654988.719,768,1366.71533203125
1551655039.464,769,1368.3037109375
1551655090.115,770,1358.7037353515625
1551655140.504,771,1365.542236328125
1551655191.2419999,772,1346.8221435546875
1551655242.2710001,773,1353.13525390625
1551655293.237,774,1369.6026611328125
1551655344.1790001,775,1368.00048828125
1551655395.253,776,1365.75390625
1551655446.501,777,1371.5762939453125
1551655497.6169999,778,1365.9561767578125
1551655548.737,779,1363.8948974609375
1551655600.041,780,1334.0335693359375
1551655650.8700001,781,1338.5997314453125
1551655702.1030002,782,1365.4783935546875
1551655753.421,783,1368.4774169921875
1551655804.604,784,1369.0697021484375
1551655855.8179998,785,1364.4599609375
1551655906.985,786,1363.822265625
1551655957.7,787,1361.2418212890625
1551656009.169,788,1340.37841796875
1551656060.183,789,1332.0560302734375
1551656111.568,790,1345.060546875
1551656163.149,791,1358.9677734375
1551656214.668,792,1329.2978515625
1551656265.875,793,1340.8968505859375
1551656317.448,794,1360.0723876953125
1551656369.119,795,1336.9134521484375
1551656420.055,796,1343.2705078125
1551656471.218,797,1368.5770263671875
1551656522.041,798,1349.980712890625
1551656573.961,799,1368.157470703125
1551656626.0110002,800,1366.8663330078125
1551656678.18,801,1370.782958984375
1551656730.368,802,1343.126220703125
1551656782.911,803,1364.30615234375
1551656835.237,804,1367.202880859375
1551656887.274,805,1334.3648681640625
1551656939.236,806,1330.018310546875
1551656991.409,807,1325.713623046875
1551657044.161,808,1363.490966796875
1551657095.829,809,1355.7525634765625
1551657148.651,810,1317.3974609375
1551657200.978,811,1350.2261962890625
1551657253.4659998,812,1330.1480712890625
1551657305.559,813,1315.3365478515625
1551657358.024,814,1359.2216796875
1551657410.56,815,1318.0504150390625
1551657462.8739998,816,969.1764526367188
1551657515.008,817,1368.0106201171875
1551657567.311,818,1366.9093017578125
1551657619.681,819,1340.296142578125
1551657672.2289999,820,1349.76416015625
1551657725.066,821,1342.0443115234375
1551657776.747,822,1353.185302734375
1551657828.3990002,823,1312.4134521484375
1551657880.524,824,1362.594482421875
1551657933.202,825,1347.2066650390625
1551657986.091,826,1370.2755126953125
1551658038.9950001,827,1368.2943115234375
1551658091.963,828,1318.83154296875
1551658144.283,829,1349.5108642578125
1551658197.303,830,1319.434814453125
1551658250.1430001,831,1329.8590087890625
1551658303.3990002,832,1308.578125
1551658356.732,833,1323.348388671875
1551658409.544,834,1368.1317138671875
1551658462.369,835,1354.7734375
1551658515.418,836,1365.1494140625
1551658568.167,837,1349.95703125
1551658621.323,838,1325.735107421875
1551658674.6529999,839,1369.57421875
1551658727.245,840,1355.78271484375
1551658780.7340002,841,1371.3233642578125
1551658834.1580002,842,1369.4515380859375
1551658887.1580002,843,1325.060302734375
1551658941.008,844,1358.039794921875
1551658995.283,845,1353.3504638671875
1551659049.4099998,846,1339.904541015625
1551659103.063,847,1329.4007568359375
1551659156.929,848,1342.303955078125
1551659210.912,849,1330.776611328125
1551659264.8460002,850,1368.2061767578125
1551659319.0809999,851,1370.246826171875
1551659373.368,852,1360.7926025390625
1551659427.6460001,853,1370.237060546875
1551659481.8860002,854,1321.1903076171875
1551659536.039,855,1358.7177734375
1551659590.161,856,1332.3204345703125
1551659644.349,857,1334.3739013671875
1551659698.498,858,1365.6959228515625
1551659752.616,859,1359.52587890625
1551659806.8019998,860,1335.9254150390625
1551659860.556,861,1327.5093994140625
1551659914.8270001,862,1323.886962890625
1551659968.665,863,1224.1533203125
1551660022.993,864,1363.1468505859375
1551660077.541,865,1322.85546875
1551660130.8409998,866,1289.05908203125
1551660184.2259998,867,1331.8701171875
1551660237.6430001,868,1338.7869873046875
1551660291.151,869,1341.3990478515625
1551660345.4940002,870,1305.0848388671875
1551660400.184,871,1321.3638916015625
1551660454.6230001,872,1320.8533935546875
1551660509.1699998,873,1364.0767822265625
1551660562.575,874,1361.93603515625
1551660617.19,875,1368.761474609375
1551660671.9550002,876,1370.4246826171875
1551660726.06,877,1363.99560546875
1551660780.092,878,1338.0367431640625
1551660834.985,879,1340.6951904296875
1551660889.804,880,1309.298583984375
1551660944.611,881,1338.73876953125
1551660999.963,882,1189.05126953125
1551661054.663,883,1368.1031494140625
1551661109.707,884,1340.5372314453125
1551661164.88,885,1353.5992431640625
1551661219.804,886,1363.8250732421875
1551661274.99,887,1339.6834716796875
1551661331.5830002,888,1363.6455078125
1551661386.692,889,1365.7777099609375
1551661442.072,890,1362.53369140625
1551661498.5740001,891,1356.450439453125
